filename, time
euler0001.py, 4.8665575609000374e-05
euler0002.py, 2.581331006000255e-06
